{"cameraMode":{"drawMode":0,"name":"Shaded","section":"Shading Mode"},"sceneLighting":true,"audioPlay":false,"sceneViewState":{"m_AlwaysRefresh":false,"showFog":true,"showSkybox":true,"showFlares":true,"showImageEffects":true,"showParticleSystems":true,"showVisualEffectGraphs":true,"m_FxEnabled":true},"in2DMode":false,"pivot":{"x":406.6187438964844,"y":107.7657699584961,"z":0.1160125732421875},"rotation":{"x":-0.012303279712796212,"y":0.03158948943018913,"z":-0.0003889543586410582,"w":-0.9994268417358398},"size":102.57111358642578,"orthographic":false}